Label (sphere sorted by M-D order),xnorm-sphere,ynorm-sphere,znorm-sphere,Mean division time (minutes) - Sulston normalization,Volume (approximation)
ABa,-103.4094606,0.85013855,-0.062615615,42,72.75661376
ABal,-130.4990498,-6.94889795,0.350832105,55,71.7601476
ABala,-142.1583069,3.71402915,0.127511825,74,66.96825397
ABalaa,-150.8165997,1.90870605,-0.072571675,102,59.80122951
ABalaaa,-158.3351407,3.12041005,-0.166786795,136,52.91049914
ABalaaaa,-152.5352386,1.48533865,-0.353471385,180,45.57032258
ABalaaaal,-160.3110801,-7.69467175,-0.082075805,231,37.75111111
ABalaaaala,-162.4113206,-11.21385515,-0.322626195,329,32.3974359
ABalaaaalp,-145.1160895,-18.10445065,-0.393606185,324,32.42657343
ABalaaaar,-169.1640597,0.46397645,-0.308013425,232,37.21953897
ABalaaaarl,-167.3799733,-3.40273145,-0.314819375,313,32.65882353
ABalaaaarr,-158.9982333,5.07787515,-0.388927395,313,32.93013972
ABalaaap,-136.125406,7.79289675,-0.233455005,174,46.25689405
ABalaaapa,-164.1197652,2.06185765,-0.052197835,224,38.41149425
ABalaaapal,-167.47832,-8.36418635,-0.096720925,298,33.26646248
ABalaaapar,-175.3040258,1.82904295,-0.001866135,312,31.91316932
ABalaaapp,-145.5687999,8.50625455,-0.054601525,225,38.46171171
ABalaaappl,-169.8069496,8.44404225,-0.091286425,312,32.59911894
ABalaaappr,-151.6570921,13.75492105,-0.178048575,300,33.43831169
ABalaap,-126.6533603,-5.22101675,-0.316343285,136,53.20338983
ABalaapa,-118.401811,5.58519025,-0.363869075,180,45.25620915
ABalaapaa,-146.3474435,9.51875195,-0.388119335,235,37.46038544
ABalaapaaa,-145.4222056,9.62099095,-0.361106505,334,32.42510121
ABalaapaap,-120.2295003,13.28947315,-0.553813655,325,32.11201629
ABalaapap,-122.110166,14.38360485,-0.451301225,234,37.31733915
ABalaapapp,-98.9161914,18.45571555,-0.522612215,309,32.86821705
ABalaapp,-79.3765164,6.16236585,-0.345127905,174,45.54992764
ABalaappa,-126.6043181,14.22109885,-0.000485795,229,37.77909483
ABalaappap,-123.1743951,16.88737995,-0.164028585,308,32.5557554
ABalaappp,-103.7170384,15.67420345,0.131207255,222,38.65801887
ABalaapppa,-138.6153297,16.49894245,0.183689465,315,33.25555556
ABalaapppp,-119.0294348,19.81001605,0.334555675,288,33.79389313
ABalap,-124.2904114,12.49340005,0.429261245,102,60.72520661
ABalapa,-136.1866124,11.62273605,0.338410705,134,53.50973451
ABalapaa,-138.1987436,6.69664455,0.286924135,174,45.79266573
ABalapaaa,-151.4159951,-3.37232605,0.400369345,228,37.75204918
ABalapaaaa,-163.1951216,-6.01781725,0.166449865,353,32.04528986
ABalapaaap,-149.0198734,-8.18394585,0.551625415,300,33.25
ABalapaap,-134.8127366,-8.40604595,0.460602615,224,38.56849315
ABalapaapa,-150.2954136,-12.73438815,0.335074925,319,32.85804416
ABalapaapp,-131.5035334,-15.31980485,0.420437435,290,33.52764613
ABalapap,-106.677127,11.45751465,0.500234635,170,45.70471842
ABalapapa,-121.7556976,-1.41746195,0.654535335,224,37.85309549
ABalapapap,-128.9512935,-4.27814775,0.764036085,289,33.15905245
ABalapapp,-85.3309315,-3.71884305,0.434527475,217,38.875
ABalapappa,-108.3959105,-10.79603795,0.590047235,277,34.1186686
ABalapappp,-76.3984804,-10.31828215,0.624471615,293,33.58823529
ABalapp,-94.8743617,4.06669525,-0.051456085,134,53.70826011
ABalappa,-100.0315419,9.34385245,0.048375845,177,45.29986962
ABalappaa,-148.791703,4.83031265,0.421492925,238,36.88326848
ABalappaap,-155.5799374,4.13081965,0.478671435,338,31.88863636
ABalappap,-124.7534205,9.37923645,0.399720455,226,38.06993007
ABalappapa,-157.1437826,13.12377515,0.312522675,329,32.55025554
ABalappapp,-140.0229625,16.57523705,0.491505525,294,33.47333333
ABalappp,-56.2277913,7.00347565,-0.027196655,171,45.89759036
ABalapppa,-95.9599872,11.43624385,0.445040265,218,38.53526012
ABalapppaa,-138.6991131,9.90411905,0.653826805,294,33.14820144
ABalapppap,-114.9994153,13.24300895,0.793206675,283,33.68069666
ABalapppp,-55.5979183,12.79624345,0.228367665,217,27.5
ABalappppa,-94.2978615,17.17915205,0.466968735,277,33.85692068
ABalappppp,-62.8666055,17.78426445,0.523424575,290,33.48153846
ABalp,-110.7704994,-14.91689145,0.314317925,74,67.25867508
ABalpa,-135.0194259,-13.50456435,0.367673245,101,61.15822785
ABalpaa,-148.5372099,-9.78023475,0.417906605,133,53.89130435
ABalpaaa,-156.714735,-4.95709545,-0.313448165,176,45.4863459
ABalpaaaa,-147.0132936,-4.30833535,-0.777662145,231,38.11407249
ABalpaaaaa,-139.4882755,-7.41549055,-0.831043775,306,32.63734291
ABalpaaaap,-112.9179484,-7.01697145,-0.926094215,317,32.50860421
ABalpaaap,-126.9256882,-9.30122795,-0.750983035,229,37.95201745
ABalpaaapa,-107.7674429,-10.52654005,-0.758577355,313,32.62697023
ABalpaaapp,-85.7993089,-10.44178875,-0.698499245,312,32.59554731
ABalpaap,-138.7234945,-9.08996695,0.209948065,169,47.77567141
ABalpaapa,-151.5209983,-7.37277975,-0.275678485,210,40.5994832
ABalpaapaa,-152.929355,-4.95684625,-0.571992865,283,34.42289157
ABalpaapap,-127.437937,-10.45966615,-0.515156585,262,35.05436157
ABalpaapp,-120.209489,-13.34605125,-0.283065295,221,39.32646421
ABalpaappa,-137.9894961,-15.93782215,-0.549737095,308,33.25681492
ABalpaappp,-112.1580814,-17.90556795,-0.560094795,296,33.72676056
ABalpap,-109.9091855,-19.88875005,0.160932435,132,54.44878957
ABalpapa,-137.2000441,-15.27965585,-0.086308655,171,46.36310395
ABalpapaa,-129.9564497,-13.33658255,-0.567779415,221,38.50547046
ABalpapaaa,-112.7385083,-15.75937725,-0.988669975,289,33.6305638
ABalpapaap,-87.0535502,-15.45036235,-1.059402805,309,32.45136778
ABalpapap,-98.837033,-14.32519975,-0.577840915,221,39.4394111
ABalpapapa,-73.0037714,-20.22625095,-0.934088755,289,33.55292479
ABalpapapp,-45.0685567,-20.89096795,-1.005280645,300,32.63892617
ABalpapp,-91.8556336,-19.37122365,-0.137249845,167,47.4976
ABalpappa,-90.1052796,-11.69684585,-0.759349535,212,39.30148883
ABalpappaa,-85.0488779,-11.16171595,-0.928150175,291,33.47073171
ABalpappap,-58.8403205,-11.00479635,-1.052587175,272,33.77375
ABalpappp,-57.159782,-11.43575175,-0.909598705,212,40.06708075
ABalpapppa,-62.4625526,-10.14262255,-0.820903565,323,33.82408501
ABalpapppp,-30.5376963,-11.22892565,-0.977829125,264,34.75862069
ABalpp,-80.2961928,-16.10870245,0.918973915,102,59.84615385
ABalppa,-101.5863253,-16.01410005,0.985907715,134,53.45008757
ABalppaa,-136.4696246,-15.88228305,0.520225565,178,44.96273292
ABalppaaa,-136.5287842,-15.99703145,0.078199685,233,36.99560922
ABalppaaap,-140.2800359,-20.75125945,-0.048071465,310,32.81489362
ABalppaap,-116.450516,-20.56419505,-0.009948615,230,37.36251403
ABalppaapp,-108.4705332,-26.12621845,-0.115070645,308,32.86042065
ABalppap,-103.3990819,-17.99172435,0.526505095,171,46.49325337
ABalppapa,-97.9444766,-18.84638865,-0.351848825,219,38.63193658
ABalppapaa,-111.6704941,-23.32706795,-0.506658115,304,33.35633803
ABalppapap,-87.3247287,-22.95016885,-0.639347505,298,33.47008547
ABalppapp,-65.1206184,-19.06606585,-0.404964145,216,39.0973236
ABalppappa,-75.0181892,-25.16705055,-0.804773975,295,33.61776581
ABalppappp,-46.9635172,-26.45577255,-0.589941505,286,34.07346939
ABalppp,-53.9579939,-20.39108625,0.467111645,133,54.01096892
ABalpppa,-89.3812277,-12.83240785,0.322355155,172,45.94555874
ABalpppaa,-117.3622262,-15.60317705,0.289075725,226,37.79487179
ABalpppaaa,-131.2774197,-24.21765405,0.200086655,313,33.05172414
ABalpppaap,-119.683037,-24.82158465,0.522690335,318,32.6921797
ABalpppap,-90.0973547,-18.96590785,0.264000225,219,39.22424242
ABalpppapa,-107.3227378,-27.28049165,0.096844005,297,33.68960674
ABalpppapp,-87.5120097,-27.64251405,0.342071905,286,33.85775862
ABalpppp,-48.4225932,-15.13661795,0.059365005,168,46.76303318
ABalppppa,-76.6924322,-12.61034325,0.265135795,217,38.64679415
ABalppppaa,-105.1511553,-19.43108815,0.259604005,296,33.59244265
ABalppppap,-84.4635056,-20.60240395,0.529394055,289,33.69565217
ABalppppp,-39.8321061,-14.02290925,0.235382995,210,39.76903226
ABalpppppa,-67.0897815,-23.37530515,0.346950195,284,33.98241206
ABalpppppp,-38.2901337,-24.25168285,0.353457705,262,34.78198433
ABar,-67.5987136,13.73493565,-0.071142765,55,71.00735294
ABara,-55.42652,7.95489455,-0.582046155,74,64.6910828
ABaraa,-90.0234986,5.40730805,-0.507204735,101,59.20168067
ABaraaa,-115.731855,9.48501475,-0.469725435,134,53.70141343
ABaraaaa,-134.4215644,6.03866785,-0.580730635,178,45.45292621
ABaraaaaa,-153.5874485,2.97670475,-0.417037865,232,38.02348993
ABaraaaaaa,-156.2432292,0.31131235,-0.527090665,314,32.9886148
ABaraaaaap,-137.3639895,6.55277775,-0.461987685,313,33.00754717
ABaraaaap,-128.8985549,3.19951125,-0.352943075,237,37.26880642
ABaraaaapa,-145.4596677,3.49701205,-0.374791735,329,32.99561404
ABaraaap,-99.03888,12.04314955,-0.525166365,171,47.13910355
ABaraaapa,-124.7870834,7.05795035,-0.596508335,213,40.12915601
ABaraaapaa,-139.5455205,2.56684275,-0.680984075,291,33.7284264
ABaraaapap,-112.1111188,2.73652095,-0.680215675,273,34.82479784
ABaraaapp,-96.7459434,10.55321575,-0.475879425,224,38.55294118
ABaraaappa,-118.2396335,8.62926995,-0.690966145,314,32.98771121
ABaraaappp,-95.2206289,11.12568795,-0.670427075,302,33.18660969
ABaraap,-72.606065,0.77240165,-0.624548075,133,53.28884826
ABaraapa,-102.0305333,2.07969335,-0.602751995,172,46.63367799
ABaraapaa,-124.8138855,-3.80187025,-0.563282385,221,38.41034103
ABaraapaaa,-135.9786231,-3.29477535,-0.472112655,302,33.59117647
ABaraapaap,-111.4300258,-4.04209175,-0.426884375,288,33.92898551
ABaraapap,-92.7522904,-3.86535255,-0.628825615,218,39.20512821
ABaraapapa,-93.309913,-6.81662735,-0.521038925,273,34.19093407
ABaraapapp,-68.2686141,-5.38254305,-0.496086425,312,32.78742138
ABaraapp,-55.946627,0.13732735,-0.680669805,170,46.51450382
ABaraappa,-83.872049,0.93924215,-0.662851345,218,38.58229285
ABaraappaa,-120.819172,4.74711445,-0.423235885,302,33.29674797
ABaraappap,-94.2894543,3.76782285,-0.511084905,283,34.23699422
ABaraappp,-48.7962026,0.58854965,-0.812313975,217,38.9497006
ABaraapppa,-71.7527257,4.13238145,-0.608982595,272,34.09727626
ABaraapppp,-44.6910013,5.02797145,-0.468291885,310,32.87874837
ABarap,-31.9488964,11.68807125,-0.539221665,101,59.14255319
ABarapa,-61.3710531,16.31123235,-0.671462075,133,53.50448833
ABarapaa,-77.3485659,14.86270705,-0.701888885,173,45.67676768
ABarapaaa,-102.2177223,3.91497505,-0.688071825,227,37.80168776
ABarapaaaa,-96.5462081,1.06662135,-0.762557065,306,32.66382253
ABarapaaap,-76.227671,1.00894085,-0.870041955,316,32.06666667
ABarapaap,-75.8154626,4.48512695,-0.754228055,218,38.84567901
ABarapaapa,-91.4588809,2.30579865,-0.762748935,315,32.5661157
ABarapaapp,-67.089128,1.85830295,-0.823430655,277,33.95615276
ABarapap,-36.9998855,12.90292675,-0.700618015,168,46.58823529
ABarapapa,-53.9395045,6.90275785,-0.833147755,216,38.73286876
ABarapapaa,-62.0039687,3.03569495,-1.157973015,294,33.01187335
ABarapapap,-35.6836792,0.75910855,-1.207310695,283,33.27473958
ABarapapp,-23.5649237,4.96296405,-0.902609315,212,39.28271605
ABarapappa,-46.7769137,2.10730255,-0.843015465,326,33.41460396
ABarapappp,-16.2046575,1.78190465,-1.007113515,265,34.4140527
ABarapp,-9.3434343,8.06589895,-0.774812215,133,52.34973638
ABarappa,-18.5851951,14.72283525,-0.715917315,172,45.34309623
ABarappaa,-56.1416491,11.27111345,-0.740045765,227,37.3552492
ABarappaaa,-61.4475075,10.70051605,-0.881395815,308,32.0046875
ABarappaap,-35.1346038,9.80970195,-0.962677075,315,31.5483871
ABarappap,-22.5050194,11.73507475,-0.849139195,222,38.46469248
ABarappapa,-32.2141865,15.12562955,-0.984786735,294,33.11815562
ABarappapp,-2.4403538,13.24580345,-0.955121125,300,32.56176471
ABarappp,13.0175108,12.79468715,-0.760407485,170,45.64427481
ABarapppa,-51.872634,15.92848055,-0.616118705,220,38.52934537
ABarapppaa,-88.117003,15.44121815,-0.736647505,304,32.82608696
ABarapppap,-63.7856323,14.83949685,-0.793328775,299,33.03971631
ABarapppp,-19.9581955,17.18361245,-0.706226865,218,39.15890084
ABarappppa,-55.2425398,18.17783135,-0.636783335,295,33.70604027
ABarappppp,-29.3300544,21.05493935,-0.668884085,286,33.71925134
ABarp,-21.784486,22.25797615,0.272391775,73,65.77987421
ABarpa,-55.9442415,22.75490885,0.275099245,103,60.59631148
ABarpaa,-85.6103972,21.76199185,0.223751165,131,54.02115385
ABarpaaa,-102.3295589,18.89733645,0.064187415,179,45.46341463
ABarpaaaa,-122.0460487,5.48719425,0.906811735,231,37.78094195
ABarpaaaaa,-136.9522012,6.53044605,1.108495655,327,32.52399232
ABarpaaaap,-115.6246761,0.91296385,1.091410785,324,32.71516393
ABarpaaap,-94.0439167,7.12265605,0.904930165,236,36.83367556
ABarpaaapa,-106.4258348,7.38588305,0.959079635,324,32.68275862
ABarpaap,-63.0852835,20.54613505,0.273292215,168,47.39816233
ABarpaapa,-66.2620192,9.14798585,0.578295345,215,39.15116279
ABarpaapp,-18.8955749,10.58636755,0.412716445,216,40.22890173
ABarpap,-41.368409,13.24334225,-0.305086735,133,53.91992551
ABarpapa,-60.8846294,17.31439685,-0.148475885,170,46.33773862
ABarpapaa,-97.1043806,17.72539285,0.646570725,222,37.99161426
ABarpapaaa,-118.4055587,17.60448475,1.166961425,315,32.60601266
ABarpapaap,-91.401847,19.31478465,1.054806915,286,33.13636364
ABarpapap,-64.157346,18.47663955,0.569870805,222,38.04471101
ABarpapp,-15.6062896,16.98628805,-0.069952415,171,46.15208034
ABarpappa,-42.3118943,22.12333105,0.660776355,227,37.18154762
ABarpappp,-10.7254698,21.38240985,0.400574205,221,38.81535039
ABarpp,19.9065054,22.73323525,0.405565125,104,60.02952756
ABarppa,-25.4741015,23.19118735,0.534961785,134,53.31401869
ABarppaa,-28.3812251,17.01979425,0.539043245,175,45.28533686
ABarppaaa,-8.2723149,0.98468245,0.683393865,233,37.30009872
ABarppaap,27.7036411,-1.46521305,0.521612475,227,38.06469298
ABarppap,11.5350335,10.66135935,0.363325695,177,45.11741935
ABarppapa,52.8465975,-7.08634725,0.503531805,234,37.6285998
ABarppapp,97.8467764,-8.31891925,0.531696265,235,37.73760933
ABarppp,27.7179171,21.27131345,0.186812285,135,53.48073394
ABarpppa,22.0362947,18.38340375,0.197496375,174,45.34340659
ABarpppaa,9.7124345,17.10857465,0.687589255,231,37.14626866
ABarpppap,42.5539717,16.09891435,0.521913745,225,38.40567067
ABarpppp,67.2335013,14.53737545,0.188706765,177,45.52473958
ABarppppa,68.4310354,18.29887255,0.422603815,232,37.62118126
ABarppppp,109.2999671,15.78299735,0.546698145,233,37.68095713
ABp,8.8412422,12.32490835,-0.330869165,42,72.65979381
ABpl,1.1968107,1.11038335,0.276527775,55,69.70143885
ABpla,-69.5476707,3.27169335,0.572119065,73,63.97727273
ABplaa,-94.7666155,4.60323285,0.901340745,100,60.15106383
ABplaaa,-111.05904,8.03254185,0.965336285,132,53.79927007
ABplaaaa,-131.8883076,2.61946105,0.799885195,170,46.25
ABplaaaaa,-121.4548103,-5.84479685,0.888545885,223,38.25132556
ABplaaaaaa,-123.2779117,-7.31110925,1.228240575,316,32.73648649
ABplaaaaap,-96.6031879,-7.54901145,1.130042805,287,33.46393443
ABplaaaap,-92.004235,-3.72859505,0.821870385,221,38.36383442
ABplaaap,-87.4382088,5.51735465,0.769767575,171,45.96
ABplaaapa,-66.3981514,-4.70586815,0.845394645,228,37.23547094
ABplaaapp,-32.5262522,-5.73306705,0.584518175,221,39.13400901
ABplaap,-76.5615482,-3.83719895,0.546685825,131,54.38049713
ABplaapa,-103.6894743,-7.72272945,0.909937295,170,46.0433526
ABplaapaa,-94.8207767,-14.55160595,0.742962075,221,38.74082073
ABplaapaaa,-116.1520965,-15.98560315,0.968991925,306,33.13084112
ABplaapaap,-88.0768155,-17.61168185,0.804151635,294,33.66091052
ABplaapap,-56.8295548,-15.06140225,0.793499995,219,38.84888889
ABplaapapa,-73.2355836,-22.73017015,0.749745975,307,33.22385862
ABplaapapp,-48.758219,-20.44077785,0.734451935,284,33.79503106
ABplaapp,-55.0462423,-8.55185445,0.529665605,166,47.0657277
ABplaappa,-34.3132505,-19.07655705,0.558864865,220,39.224846
ABplaappp,3.8739589,-19.53529385,0.418557305,213,40.37946943
ABplap,-24.6570607,4.11965255,0.548801285,101,58.11349036
ABplapa,-50.5207818,9.95427425,0.501394625,131,53.1011236
ABplapaa,-55.3513733,4.26484975,0.683750075,171,45.13911846
ABplapaaa,-14.2829614,-12.19187185,0.658581155,221,38.29325843
ABplapaaaa,-5.6738441,-13.64201415,0.367733435,301,32.56379822
ABplapaaap,19.6159481,-15.33238195,0.443053855,298,32.68624642
ABplapaap,22.7088785,-11.92239415,0.669260805,225,37.83078491
ABplapaapa,33.0314079,-18.74202695,0.656694835,167,31.48859935
ABplapap,-13.552947,2.33734755,0.487375245,218,45.76067073
ABplapapa,51.6451889,-12.44843985,0.570522295,215,39.40631808
ABplapapaa,114.3932707,-17.52216965,0.495845805,304,33.54904632
ABplapp,-11.9052277,-3.55321145,0.416938625,132,53.63051471
ABplappa,-8.3526667,-9.57523965,0.511487025,170,46.25
ABplappaa,41.3324871,-19.31401915,0.363537855,221,38.72599784
ABplappap,77.1691628,-19.54992275,0.421876075,221,39.07072905
ABplappp,40.8217113,-12.21410965,0.671200095,173,45.00393185
ABplapppa,95.4839425,-19.54736825,0.155378985,229,37.5975976
ABplapppaa,105.8016886,-18.53198955,0.151808525,326,31.93559322
ABplapppap,124.1982485,-15.54736265,0.078319525,300,32.53680431
ABplapppp,120.8964253,-18.14785605,0.086972775,228,37.97802198
ABplp,4.0314859,-14.17168915,0.636699695,74,64.99356913
ABplpa,-14.3469562,-19.87300125,0.853246055,102,59.44834711
ABplpaa,-29.9673379,-19.55892035,1.005470165,134,52.74683544
ABplpaaa,-85.6963416,-22.45543935,0.785712355,172,45.49926579
ABplpaaaa,-89.9987834,-21.60455275,0.071878915,219,38.88493476
ABplpaaaaa,-87.8475723,-24.01497125,-0.341458165,298,33.39693593
ABplpaaaap,-62.5396407,-26.84155355,-0.350982935,289,33.5280112
ABplpaaap,-57.9588687,-24.02059045,0.080545465,220,37.64446953
ABplpaaapa,-60.4606931,-29.67783295,-0.200280275,317,32.89185185
ABplpaaapp,-39.1247851,-30.11430195,-0.240446585,288,33.52838428
ABplpaap,-48.4905423,-21.91663675,0.840971355,171,45.31975867
ABplpaapa,-59.4527361,-24.39538465,0.244032525,221,38.20265781
ABplpaapaa,-79.4947788,-27.05517055,-0.054895625,298,33.36973479
ABplpaapap,-55.5136671,-30.18786175,0.105051025,299,33.17151608
ABplpaapp,-21.9143261,-24.44599135,0.187538725,218,38.64887307
ABplpaappa,-32.4189746,-30.75975925,0.077097755,292,31.5
ABplpapapa,-4.4121779,-24.15652735,-1.130515605,291,32.59479016
ABplpapapp,23.1655798,-20.75083175,-1.105974855,293,32.58160237
ABplpapp,7.7092581,-25.79538025,0.312406535,167,46.62834646
ABplpappa,0.0825973,-18.34328135,-0.766421835,212,39.46953405
ABplpappaa,-12.4027749,-15.07652085,-1.163313805,267,33.68766756
ABplpappp,35.5064121,-17.18621175,-0.818801475,221,38.34493347
ABplpapppa,36.7847907,-13.06605255,-1.230011895,299,31.95757576
ABplpapppp,68.8434051,-9.69965955,-1.121961915,304,32.92825769
ABplpp,47.1027271,-14.80697615,0.950442535,103,58.45325203
ABplppa,27.6851091,-12.90509185,0.907525755,135,52.37068966
ABplppaa,-15.9427453,-21.15218755,0.740578965,178,43.89102564
ABplppaaa,-12.547147,-23.27142995,-0.070685665,234,36.63937824
ABplppaaaa,-22.6374703,-22.83412665,-0.149022495,296,32.89462366
ABplppaap,17.3696958,-20.83337395,-0.150242215,230,37.14270033
ABplppaapa,14.385846,-25.44270065,-0.562306365,316,32.31826087
ABplppaapp,41.1465383,-23.56969915,-0.566524285,309,32.3869258
ABplppap,22.398503,-19.75519605,0.604243095,175,44.48184358
ABplppapa,29.3445893,-21.40694995,-0.093149205,226,37.81696429
ABplppapaa,9.8208034,-26.05160195,-0.205668385,296,32.44651952
ABplppapap,38.9826281,-27.18859715,-0.266009895,315,32.66401274
ABplppapp,64.1232539,-20.83643405,-0.122731605,230,37.67567568
ABplppappa,57.4356018,-23.89111545,-0.232765935,309,32.39693356
ABplppappp,84.1934884,-22.27733085,-0.275723895,320,32.63898305
ABplppp,73.8109099,-18.72995945,0.784641325,134,52.97282609
ABplpppa,42.7405904,-23.77832195,0.467879665,172,45.11627907
ABplpppaa,55.2496698,-21.90989515,-0.252066685,222,37.62777778
ABplpppaaa,63.0833821,-22.33735645,-0.469863545,303,32.51815642
ABplpppaap,91.2025531,-20.66668025,-0.474841755,299,32.72766571
ABplpppap,89.3333,-20.82062415,-0.286102135,223,37.68818381
ABplpppapa,110.8818455,-14.80726475,-0.426295505,278,33.05045872
ABplpppp,75.9738777,-21.89506415,0.686788615,171,45.50527903
ABplppppa,59.2776253,-18.58013285,-0.414975135,218,38.72255018
ABplppppaa,50.9866309,-17.95137495,-0.739630385,292,32.66092715
ABplppppap,77.5597723,-15.30805025,-0.664277245,292,33.36914601
ABplppppp,86.7767636,-15.44890845,-0.434341685,221,38.3812709
ABplpppppa,90.4478962,-9.02848385,-0.783382745,313,32.81017882
ABplpppppp,114.6711761,-8.04157925,-0.711943135,293,30.68421053
ABpr,61.5336284,10.18799965,-0.352622535,55,32.51840943
ABpra,50.397393,17.32967955,-0.308747315,74,70.41007194
ABpraa,22.5730097,21.85107575,-0.330083455,101,65.75895765
ABpraaa,-17.0007651,26.12563565,-0.252875575,133,60.31078224
ABpraaaa,-49.7690861,24.26982705,-0.369760025,175,45.33157199
ABpraaaaa,-98.66248,21.71865955,-0.103911615,231,36.68775934
ABpraaaaaa,-111.9017004,26.30397145,-0.114402125,316,32.33901515
ABpraaaaap,-96.6171627,29.60487285,0.065280455,327,31.80664063
ABpraaaap,-71.0018019,24.49603265,-0.092632155,222,38.17456647
ABpraaaapa,-88.3186582,28.09229285,-0.123112045,302,33.16612378
ABpraaaapp,-68.7798578,31.69725935,0.070069255,292,33.11831442
ABpraaap,-13.980418,27.01875885,-0.113864395,171,46.1174743
ABpraaapa,-79.7446201,23.02086735,0.141191195,222,37.83008658
ABpraaapaa,-100.916544,22.03874395,0.206281955,308,32.8436019
ABpraaapap,-82.1452132,25.49251655,0.339942185,298,33.2254902
ABpraaapp,-41.5483837,23.63088975,-0.063744305,213,39.45833333
ABpraaappa,-63.6172244,25.66766115,0.168253115,294,33.433687
ABpraaappp,-37.4402263,27.80113725,0.202521025,267,34.52367688
ABpraap,31.4022335,19.85611455,-0.447921705,131,53.80294659
ABpraapa,11.2721139,27.57914745,-0.375612855,171,46.0945758
ABpraapaa,-44.4404007,26.41807185,0.299352625,222,38.34623656
ABpraapaaa,-108.394328,24.30002795,0.794133575,306,32.88372093
ABpraapaap,-77.6927248,26.98306155,0.636173935,294,33.36236934
ABpraapap,-7.9453097,26.30239565,0.379986755,221,38.37988827
ABpraapapa,-58.7268777,30.11960365,0.658935995,307,32.46929134
ABpraapapp,-34.2144272,29.74476865,0.629868705,285,33.21880065
ABpraapp,51.2266357,24.15131465,-0.280725155,168,47.34939759
ABpraappa,10.5733941,27.42996915,0.021129515,223,38.32270916
ABpraappp,49.6666239,25.03908765,-0.049700955,216,39.82130966
ABprap,87.5161167,20.59476705,-0.038692135,101,59.78601695
ABprapa,62.3721901,24.08995685,0.052027795,132,53.47396768
ABprapaa,44.6289424,26.66690225,0.299779505,173,45.53142077
ABprapaaa,28.3668399,25.92970585,0.489509375,224,37.22548028
ABprapaaaa,12.0922173,25.10130845,0.231748225,306,32.29833333
ABprapaaap,35.6573415,22.93662405,0.224853645,302,32.44333333
ABprapaap,64.3439097,24.22983925,0.419749415,229,37.40913706
ABprapap,89.6934538,24.92474835,0.271895265,169,46.15349544
ABprapapa,103.5636503,23.64120095,0.268603515,221,38.16534653
ABprapapp,137.9998998,17.47492785,0.149360865,218,38.30459127
ABprapappp,167.1086841,11.36012455,-0.123323285,310,32.78206725
ABprapp,112.971013,18.39908105,-0.020437495,132,53.71580817
ABprappa,112.4824922,21.37361225,-0.159867335,173,46.8308525
ABprappap,120.5074654,20.08547415,-0.188994775,224,38.33473684
ABprappp,142.1049822,13.64744285,0.121021935,175,45.54685494
ABprapppa,134.0864101,16.97941845,-0.271887105,231,36.94736842
ABprapppaa,119.4250763,14.31577475,0.107170255,332,31.78794179
ABprapppap,137.4878774,11.11477455,0.066050945,305,32.32494759
ABprapppp,151.0397013,11.26230595,-0.323460845,232,37.05539359
ABprp,95.4460773,1.94107715,-0.440951275,74,64.41772152
ABprpa,76.3515189,6.70538085,-0.516839665,102,58.45322245
ABprpaa,75.3595221,17.78276505,-0.605565765,134,53.20142602
ABprpaaa,22.1372972,22.10538665,-0.634960095,172,45.87779434
ABprpaaaa,-49.0429918,21.18401875,-0.526422545,220,38.95641932
ABprpaaaaa,-75.0838199,20.59765155,-0.525857355,300,33.12231183
ABprpaaaap,-49.267541,24.01620505,-0.594134795,290,33.44715447
ABprpaaap,-14.2436665,24.62710375,-0.473555195,221,37.8510882
ABprpaaapa,-43.3792999,24.86789945,-0.308096475,316,32.53418803
ABprpaaapp,-20.0569533,25.78748525,-0.411556385,290,33.21842496
ABprpaap,60.9745345,21.96392685,-0.560167695,171,45.73899848
ABprpaapa,-13.022298,25.71960875,-0.374083085,222,38.19094923
ABprpaapaa,-63.1605124,26.99083955,-0.289743135,300,33.20583717
ABprpaapap,-38.3300015,30.69354505,-0.165489735,300,33.12691131
ABprpaapp,21.7418327,25.60282595,-0.390848815,218,38.52980877
ABprpaappa,-16.7633843,29.74176755,-0.158938995,292,33.59618209
ABprpaappp,4.7646758,30.04237965,-0.257685425,290,33.35971223
ABprpap,111.604831,7.44249895,-0.517560925,133,53.20658135
ABprpapa,65.3590342,15.17570025,-0.717711655,171,45.74558824
ABprpapaa,3.0522047,16.12158965,-0.792991865,225,38.11205977
ABprpapaaa,-16.966767,16.25290285,-0.908072325,304,32.97341211
ABprpapaap,8.5302716,17.99646255,-0.902896855,304,32.5
ABprpapap,24.8551108,13.68865605,-0.801724495,221,38.25278396
ABprpapapa,19.8181295,13.92629265,-1.096616445,290,32.46764706
ABprpapapp,47.0765961,12.02423115,-1.021193905,292,32.27361111
ABprpapp,102.7343102,8.86292135,-0.589751225,170,46.20187793
ABprpappa,32.2265597,9.83603045,-1.002311815,218,38.31341601
ABprpappaa,-3.1585902,6.52662585,-1.081517095,286,33.25236167
ABprpappap,25.8706017,3.05191985,-1.106401385,288,32.88888889
ABprpappp,64.9034999,9.84593905,-0.809022565,219,38.80387685
ABprpapppa,53.2469102,4.80953165,-1.276922825,293,33.01564537
ABprpapppp,85.3790621,1.07546495,-1.105773735,291,32.63850416
ABprpp,137.4811048,6.06902285,-0.151693595,103,59.5122449
ABprppa,144.1974711,16.50574105,-0.228497265,136,53.17838765
ABprppaa,91.7902252,21.70746765,-0.460692725,179,44.58419689
ABprppaaa,22.504136,20.88816935,-0.529534845,235,36.71340206
ABprppaaaa,-11.5540626,20.09062555,-0.435608195,298,32.4787234
ABprppaap,51.6586226,18.67455745,-0.607842415,230,36.83127109
ABprppaapa,32.7527635,17.71757775,-0.676263475,318,32.1107438
ABprppaapp,59.4008099,15.40530245,-0.702070535,308,32.18151815
ABprppap,121.5759048,16.63505015,-0.348916945,175,45.23554302
ABprppapa,64.5303979,19.95555975,-0.511396795,225,37.77040261
ABprppapaa,25.4778481,20.85936295,-0.327934565,295,32.53014184
ABprppapap,53.7743719,20.29823995,-0.388208075,317,32.3225256
ABprppapp,95.2772125,18.42016755,-0.392601715,230,37.79153767
ABprppappa,72.902942,19.74310665,-0.438064455,308,32.88
ABprppappp,100.4422557,18.71430415,-0.331643145,323,32.37842779
ABprppp,155.4395137,4.22641165,-0.173193995,134,53.24100719
ABprpppa,146.9085026,12.85500415,-0.389080845,172,45.7537092
ABprpppaa,103.083642,18.02737115,-0.505826975,223,37.85136612
ABprpppaaa,85.1372536,15.37457215,-0.436205855,302,32.71246006
ABprpppaap,114.4593246,12.91989615,-0.326705465,304,32.85416667
ABprpppap,131.6256603,13.39100525,-0.494061155,224,38.16576381
ABprpppapa,127.4207557,8.86159085,-0.381284975,280,32.7961165
ABprpppp,146.8288066,3.06336835,-0.258040615,171,46.20574887
ABprppppa,94.0955158,11.52388135,-0.609746325,219,38.78356481
ABprppppaa,70.0127295,12.38130505,-0.737628815,293,32.18666667
ABprppppap,95.7624605,10.31355525,-0.685912015,289,33.43792633
ABprppppp,116.0438637,6.45919195,-0.581953795,222,38.45264317
ABprpppppa,107.2376067,3.52943735,-0.744738525,309,32.84166667
ABprpppppp,131.3584201,-0.13317275,-0.599435985,292,30.6
C,107.2848199,8.51154125,0.373208955,66,66.68545994
Ca,49.816121,5.66064975,0.231706395,93,59.77008929
Caa,30.0146078,10.00727895,0.339652705,127,55.56440678
Caaa,35.1469764,6.48852905,0.388138295,167,48.28917379
Caaaa,95.1750383,-1.68163795,0.643257815,218,40.15922921
Caaap,138.983146,-5.03152525,0.621983515,215,40.12917115
Caap,97.3552955,-2.27703185,0.703629335,175,45.47569444
Caapa,165.2064373,-4.11275055,0.174880085,306,35.26938314
Caapp,163.0702595,-7.41688465,-0.007531425,230,38.33169774
Cap,88.0105524,-0.04921965,0.580011935,132,54.77163121
Capa,92.240341,-10.87227225,0.531300315,188,44.81727905
Capaa,81.9302151,-9.71231275,-0.511690005,246,36.68703008
Capaaa,54.8550668,-15.34044595,-0.319133095,326,32.47867299
Capaap,77.593314,-10.52767295,-0.707161505,334,32.06535948
Capap,114.1526055,-7.53322785,-0.488239085,247,36.83503244
Capapa,90.4116813,-14.45353515,-0.288607395,331,32.3959276
Capapp,107.9130467,-10.87960955,-0.849349155,343,32.23799127
Capp,126.4003943,-10.12553605,0.838383595,180,45.9017341
Cappa,123.8363917,-12.42602135,-0.104438195,236,37.43495146
Cappaa,91.1748033,-13.37474985,-0.027150275,310,32.63385147
Cappap,117.277946,-13.58123135,-0.285451335,319,32.67804878
Cappp,142.0654468,-8.02896995,-0.201869325,240,37.45504087
Capppa,133.4554369,-12.19564105,-0.122615195,321,32.72097378
Capppp,131.3288232,-6.71383985,-0.763369695,337,32.9471831
Cp,120.810888,10.48054095,0.446460115,93,61.28097345
Cpa,113.7161825,15.05025765,0.598523825,126,56.94863014
Cpaa,108.9669477,16.32697445,0.559565545,165,49.08819133
Cpaaa,94.2375877,9.92656855,0.543449285,219,39.94876847
Cpaap,146.9085816,7.35062775,0.521642935,215,40.17413973
Cpap,142.4522911,2.99062005,0.812561595,167,48.08309859
Cpapa,171.1250902,5.48901125,0.128068165,225,39.61141304
Cpapp,175.3040258,-2.32399795,-0.003622345,226,38.76513098
Cpp,157.5105011,-0.02049835,0.695280905,130,56.62345679
Cppa,165.5141734,3.30133705,0.073878635,185,46.1857001
Cppaa,94.7523423,4.65938115,-0.670370285,243,37.03027523
Cppaaa,67.391424,12.22619985,-0.514912395,324,32.51731602
Cppaap,87.9599927,5.37339375,-0.811283375,336,32.13821138
Cppap,122.3850518,0.59888985,-0.549020375,244,37.00732601
Cppapa,98.749715,10.45680895,-0.252368855,329,32.65042373
Cppapp,114.8316561,3.20582835,-0.717651865,341,32.59183673
Cppp,155.014218,-8.41071195,0.464983235,177,47.19789227
Cpppa,141.292106,5.95170695,-0.196027905,231,37.96206226
Cpppaa,96.6217152,14.98690265,0.083439295,302,32.77777778
Cpppap,127.3511237,9.93625615,-0.244412695,315,32.9984985
Cpppp,150.574139,-0.85683165,-0.247085315,236,37.83516484
Cppppa,143.414418,7.32897765,-0.199272705,316,32.75126904
Cppppp,141.30139,-0.35603615,-0.579563315,327,32.74721781
D,159.3729049,-5.67511175,0.502385775,113,59.32208589
Da,114.5995426,-19.62460425,0.598741405,161,49.42807825
Daa,62.5625939,-14.90863015,-0.548570975,214,39.07337526
Daaa,20.325365,-21.41265835,-0.182066145,276,33.8611465
Daap,45.4945022,-19.11992925,-0.641290425,281,33.89460784
Dap,108.172577,-11.67201095,-0.312315495,208,40.14336075
Dapa,51.448742,-19.70843075,-0.107974485,271,34.61937716
Dapp,82.4270533,-13.99348285,-0.195609125,268,34.67535545
Dappa,56.8678955,-29.51480085,1.276922825,351,31.65714286
Dappp,104.2562355,-26.86883315,0.797653175,362,30.52173913
Dp,143.7515238,-7.92364525,-0.176292225,160,49.12723214
Dpa,84.9055511,4.74135095,-0.740035155,212,39.1098081
Dpaa,24.8154145,22.78674605,-0.407395855,279,33.46163522
Dpap,46.1499669,14.41268635,-0.700610705,281,33.73255814
Dpp,122.7859164,-0.68295415,-0.472388005,207,39.67895363
Dppa,55.6465195,21.01229355,-0.218779645,274,34.60231214
Dppp,86.8688419,14.69341235,-0.162843205,268,34.68100358
Dpppa,54.7036941,29.61687025,0.881939425,353,31.14666667
E,85.2339657,-12.97306165,0.154911445,62,68.66366366
Ea,44.1120604,-13.15705655,-0.145849525,106,64.13175231
Eal,14.6400601,-10.71913995,-0.114646465,154,53.47374702
Eala,-30.4705115,-3.72253805,-0.294100065,223,41.65997024
Ealp,18.4457412,-7.67499785,-0.343176905,225,41.14609204
Ear,25.8830251,4.13158505,-0.686223785,155,53.1536643
Eara,-18.8000424,9.39317935,-0.364653275,228,41.399126
Earp,29.5919079,7.57923705,-0.511310015,230,41.05559515
EMS,38.4723228,-14.38074845,0.073233195,45,71.67659574
Ep,107.3271885,-8.52706205,0.185963265,109,63.7338403
Epl,72.7568026,-7.67682705,-0.145531115,159,52.85005637
Epla,56.3259655,-2.66839305,-0.213775035,231,40.25484566
Eplp,107.5814922,-4.07984845,-0.074684705,236,40.11582492
Epr,97.2321835,3.45168275,-0.258125465,160,52.82683486
Epra,66.0695612,9.02217155,-0.321233955,234,40.45659845
Eprp,116.1398063,4.73599425,-0.074415905,241,40.14089122
MS,-16.5328261,-13.06488325,-0.403043305,61,68.05015674
MSa,-53.3687938,-15.23569505,-0.277987945,84,63.42820513
MSaa,-83.0720558,-15.45360915,-0.262007205,112,59.31632653
MSaaa,-95.1187579,-11.61833215,-0.396978935,144,51.83390411
MSaaaa,-115.3735804,-4.27283145,-0.417183295,178,44.73003195
MSaaaaa,-137.1108008,-1.56908275,-0.184815585,220,38.82995951
MSaaaaap,-130.4378328,-1.59155835,0.185530275,271,33.94533762
MSaaaap,-100.8283782,-2.37082465,-0.004115865,224,38.02676399
MSaaaapa,-111.361872,-1.04418325,0.471095045,286,33.37649063
MSaaaapp,-77.677178,-1.43769225,0.378650695,300,33.13391304
MSaaap,-65.4522342,-7.43674375,-0.618266105,182,43.74170274
MSaaapa,-85.2942842,-3.40080165,-0.406126005,222,38.50276243
MSaaapaa,-100.5762846,-4.59258165,-0.121269285,277,33.74745763
MSaaapap,-69.2854169,-3.57449905,-0.177523935,284,33.23237179
MSaaapp,-48.8803776,-2.57279165,-0.296345915,257,35.13893376
MSaap,-36.1104894,-18.21681955,-0.610171705,144,51.37094017
MSaapa,-40.6913511,-15.23447925,-0.772402845,178,44.39370079
MSaapaa,-45.2119609,-9.14024795,-0.770402745,220,38.67513369
MSaapaaa,-54.5977787,-9.43734135,-0.699999705,281,33.48615385
MSaapaap,-29.1861101,-7.58666305,-0.498852345,275,33.78881988
MSaapap,-5.2779357,-9.49350605,-0.812954025,229,36.80803571
MSaapapa,-23.311534,-8.58484125,-0.722969285,351,31.76867031
MSaapapp,4.4666219,-9.46489415,-0.748359085,294,33.02835539
MSaapp,12.4169198,-14.85884915,-0.771269885,187,42.64
MSaappa,12.1414083,-8.84343755,-1.039057455,275,34.04425466
MSaappp,33.7960711,-11.92495265,-0.871526805,265,35.79884584
MSaapppa,18.457741,-11.89395825,0.249361745,348,30.9862069
MSap,-27.2199487,-21.92297015,0.160086025,114,58.81050657
MSapa,-36.9657969,-22.65080645,0.157168285,148,50.91800643
MSapaa,-63.0531131,-13.77484165,-0.293351805,188,42.75034106
MSapaaa,-110.8831954,-14.12548895,-0.142421535,238,36.28587699
MSapaap,-72.8109851,-14.15317355,-0.245268125,259,35.60424028
MSapap,-20.5851874,-15.60638415,-0.253691685,188,42.63404826
MSapapa,-57.6738603,-16.66059355,-0.045215255,238,36.23068051
MSapapp,-26.05993,-15.03181705,0.077214365,248,35.74925075
MSapp,23.5789137,-22.88425295,-0.032907335,149,50.62025316
MSappa,5.3185586,-14.72691325,-0.451428775,195,41.59335624
MSappaa,-28.3203675,-16.02727975,-0.416507125,262,35.30866602
MSappap,3.8836598,-16.76507625,-0.526042215,272,34.88675624
MSappp,35.6830195,-15.15641285,-0.199058465,199,42.19093851
MSapppa,-10.1451816,-20.37609245,-0.062841745,259,35.156013
MSapppp,23.2489821,-17.13734695,0.070860845,265,35.10021097
MSp,14.074309,-7.02561785,-0.656990895,84,61.31632653
MSpa,-26.0656336,-9.25067155,-0.631502385,112,58.14663951
MSpaa,-30.3830698,-4.47734955,-0.795615075,145,51.06386555
MSpaaa,-60.7986888,3.01563795,-0.666905665,179,44.55716586
MSpaaaa,-110.4785638,6.57676185,-0.250240425,221,38.76797829
MSpaaaaa,-136.6030416,8.20940435,-0.055874255,320,32.96842105
MSpaaaap,-106.8047093,7.21239395,-0.029362605,277,33.91257669
MSpaaap,-73.1789607,8.41224545,-0.166481135,224,38.57033248
MSpaaapa,-91.4793195,9.22046575,0.164926895,310,32.63849765
MSpaaapp,-62.5154325,7.04510335,0.146752645,280,33.53355705
MSpaap,-18.5753425,-1.27489895,-0.820643855,186,42.79038718
MSpaapa,-61.1691269,6.75678445,-0.444575965,230,37.91392405
MSpaapaa,-86.2239332,9.24195585,-0.086805295,318,32.42365591
MSpaapap,-56.8171022,9.95372285,-0.215160555,290,33.09090909
MSpap,22.9710604,-14.19812565,-0.731785055,145,51.02054795
MSpapa,5.8264888,-6.05679895,-0.922288675,179,43.84591195
MSpapaa,-17.9559495,-1.09216755,-0.863847105,221,37.91556728
MSpapaaa,-36.7095189,-0.22894225,-0.888466195,282,33.71587302
MSpapaap,-10.7442484,1.77666775,-0.718077165,276,33.53577107
MSpapap,17.6187713,-1.32483875,-0.831900535,229,36.39795918
MSpapapa,-5.4434931,0.24360275,-0.940039125,340,31.84408602
MSpapapp,19.6248737,-0.55818085,-0.870001075,293,32.97058824
MSpapp,54.5588572,-8.25511625,-0.827716265,188,42.65594059
MSpappa,34.3756973,-2.63962345,-0.980595245,278,34.51779935
MSpappp,56.4013835,-0.92686255,-0.893874145,262,35.70808511
MSpp,42.3786137,-5.15015875,-0.677892835,115,57.27476636
MSppa,47.6550783,1.34296715,-0.783695025,149,49.97893031
MSppaa,-15.6644471,8.46304875,-0.693429185,189,42.19099591
MSppaaa,-93.4055798,15.06609235,-0.342212055,237,36.37883959
MSppaap,-57.4313593,14.48557865,-0.359067415,261,35.38273758
MSppap,24.8148889,7.22708545,-0.743241605,188,42.79448276
MSppapa,-43.3163787,17.82696035,-0.250880355,238,36.21257143
MSppapp,-16.0451639,18.47045295,-0.088317265,247,35.96397274
MSppp,83.6204119,-8.02407955,-0.587550995,149,50.39102564
MSpppa,39.325878,2.69314395,-0.814466875,193,42.06424242
MSpppaa,-20.2003845,12.31992365,-0.570241745,260,35.38497653
MSpppap,11.4249261,13.66117855,-0.599823395,267,35.16022099
MSpppp,66.553878,2.71200585,-0.624003735,199,42.08102109
MSppppa,-1.2321006,19.98803925,-0.270793415,260,35.35849057
MSppppp,28.7676527,18.84723845,-0.132068845,265,35.23564955
P2,143.845797,-1.37200905,0.290604765,47,72.12751678
